,subspecies,island,site_name,subject_group,image_name,subject_id,presence_absence,count_male-lek,count_male-no-lek,count_others,count_partial,count_total,quality,condition,comment
0,A. c. trillmichi,Santa Fe,El Miedo,SFM1,SFM01-2-2-2_282.jpg,47969795,Y,0,2,0,2,2,Good,Hard,
1,A. c. trillmichi,Santa Fe,El Miedo,SFM1,SFM01-2-2-1_344.jpg,47969531,Y,0,2,2,1,4,Good,Hard,not consider number 4 marked in the image
5,A. c. trillmichi,Santa Fe,El Miedo,SFM1,SFM01-2-2-2_293.jpg,47969828,Y,1,0,6,1,7,Good,Hard,
22,A. c. trillmichi,Santa Fe,El Miedo,SFM1,SFM01-1-1_114.jpg,47967876,Y,0,1,0,0,1,Bad,Visible,
60,A. c. trillmichi,Santa Fe,El Miedo,SFM1,SFM01-1-1_154.jpg,47967959,Y,0,1,0,0,1,Good,Visible,
61,A. c. trillmichi,Santa Fe,El Miedo,SFM1,SFM01-1-1_155.jpg,47967961,Y,1,0,3,0,4,Bad,Hard,
68,A. c. trillmichi,Santa Fe,El Miedo,SFM1,SFM01-1-1_163.jpg,47967975,Y,0,0,1,0,1,Good,Visible,
86,A. c. trillmichi,Santa Fe,El Miedo,SFM1,SFM01-1-1_184.jpg,47968013,Y,0,1,0,0,1,Bad,Hard,
108,A. c. trillmichi,Santa Fe,El Miedo,SFM1,SFM01-1-1_210.jpg,47968058,Y,0,1,0,0,1,Good,Visible,
133,A. c. trillmichi,Santa Fe,El Miedo,SFM1,SFM01-1-1_258.jpg,47968109,Y,0,1,1,0,2,Bad,Hard,
138,A. c. trillmichi,Santa Fe,El Miedo,SFM1,SFM01-1-1_299.jpg,47968122,Y,0,1,0,0,1,Good,Visible,
160,A. c. trillmichi,Santa Fe,El Miedo,SFM1,SFM01-1-2_100.jpg,47968164,Y,0,1,0,0,1,Bad,Visible,
169,A. c. trillmichi,Santa Fe,El Miedo,SFM1,SFM01-1-2_109.jpg,47968181,N,0,0,0,0,0,,,
188,A. c. trillmichi,Santa Fe,El Miedo,SFM1,SFM01-1-2_139.jpg,47968218,Y,1,1,9,0,11,Good,Visible,
235,A. c. trillmichi,Santa Fe,El Miedo,SFM1,SFM01-1-2_209.jpg,47968356,Y,0,1,0,0,1,Good,Visible,
236,A. c. trillmichi,Santa Fe,El Miedo,SFM1,SFM01-1-2_210.jpg,47968359,Y,0,0,1,0,1,Good,Visible,
247,A. c. trillmichi,Santa Fe,El Miedo,SFM1,SFM01-1-2_245.jpg,47968393,Y,0,0,1,0,1,Good,Visible,
251,A. c. trillmichi,Santa Fe,El Miedo,SFM1,SFM01-1-2_264.jpg,47968406,Y,1,0,10,0,11,Good,Visible,
252,A. c. trillmichi,Santa Fe,El Miedo,SFM1,SFM01-1-2_265.jpg,47968410,Y,0,1,0,0,1,Bad,Visible,
256,A. c. trillmichi,Santa Fe,El Miedo,SFM1,SFM01-1-2_284.jpg,47968423,Y,1,0,15,0,16,Good,Visible,not consider number 17 marked in the image
280,A. c. trillmichi,Santa Fe,El Miedo,SFM1,SFM01-1-2_57.jpg,47968499,Y,0,1,0,0,1,Good,Visible,
282,A. c. trillmichi,Santa Fe,El Miedo,SFM1,SFM01-1-2_59.jpg,47968506,Y,0,1,0,0,1,Good,Visible,
448,A. c. trillmichi,Santa Fe,El Miedo,SFM1,SFM01-2-1_305.jpg,47969049,Y,0,1,1,0,2,Bad,Hard,
501,A. c. trillmichi,Santa Fe,El Miedo,SFM1,SFM01-2-2-1_120.jpg,47969236,Y,0,1,0,0,1,Good,Visible,
530,A. c. trillmichi,Santa Fe,El Miedo,SFM1,SFM01-2-2-1_195.jpg,47969327,Y,0,1,0,0,1,Good,Visible,
531,A. c. trillmichi,Santa Fe,El Miedo,SFM1,SFM01-2-2-1_196.jpg,47969331,Y,0,1,1,0,2,Good,Hard,
540,A. c. trillmichi,Santa Fe,El Miedo,SFM1,SFM01-2-2-1_217.jpg,47969359,Y,0,1,0,0,1,Good,Visible,
554,A. c. trillmichi,Santa Fe,El Miedo,SFM1,SFM01-2-2-1_244.jpg,47969405,Y,0,1,1,0,2,Good,Visible,not considered number 3 marked in the image
569,A. c. trillmichi,Santa Fe,El Miedo,SFM1,SFM01-2-2-1_272.jpg,47969452,Y,0,1,0,0,1,Good,Visible,
577,A. c. trillmichi,Santa Fe,El Miedo,SFM1,SFM01-2-2-1_293.jpg,47969478,N,0,0,9,0,9,Good,Hard,
589,A. c. trillmichi,Santa Fe,El Miedo,SFM1,SFM01-2-2-1_320.jpg,47969515,Y,0,1,0,0,1,Good,Visible,
590,A. c. trillmichi,Santa Fe,El Miedo,SFM1,SFM01-2-2-1_321.jpg,47969518,Y,0,1,0,0,1,Good,Visible,
612,A. c. trillmichi,Santa Fe,El Miedo,SFM1,SFM01-2-2-1_96.jpg,47969597,Y,0,1,0,0,1,Good,Visible,
660,A. c. trillmichi,Santa Fe,El Miedo,SFM1,SFM01-2-2-2_271.jpg,47969763,N,0,0,0,0,0,,,
666,A. c. trillmichi,Santa Fe,El Miedo,SFM1,SFM01-2-2-2_278.jpg,47969782,Y,0,0,1,0,1,Good,Visible,
668,A. c. trillmichi,Santa Fe,El Miedo,SFM1,SFM01-2-2-2_280.jpg,47969789,Y,0,1,0,0,1,Good,Visible,
677,A. c. trillmichi,Santa Fe,El Miedo,SFM1,SFM01-2-2-2_292.jpg,47969825,Y,0,4,7,0,11,Good,Visible,
684,A. c. trillmichi,Santa Fe,El Miedo,SFM1,SFM01-2-2-2_302.jpg,47969853,Y,0,1,1,0,2,Good,Visible,
687,A. c. trillmichi,Santa Fe,El Miedo,SFM1,SFM01-2-2-2_305.jpg,47969862,Y,0,0,1,0,1,Good,Visible,
690,A. c. trillmichi,Santa Fe,El Miedo,SFM1,SFM01-2-2-2_308.jpg,47969871,Y,0,1,0,0,1,Good,Visible,
698,A. c. trillmichi,Santa Fe,El Miedo,SFM1,SFM01-2-2-2_320.jpg,47969901,Y,0,2,1,0,3,Good,Hard,
699,A. c. trillmichi,Santa Fe,El Miedo,SFM1,SFM01-2-2-2_321.jpg,47969904,Y,0,1,3,0,4,Good,Visible,
701,A. c. trillmichi,Santa Fe,El Miedo,SFM1,SFM01-2-2-2_323.jpg,47969912,Y,1,1,4,0,6,Good,Visible,
703,A. c. trillmichi,Santa Fe,El Miedo,SFM1,SFM01-2-2-2_325.jpg,47969918,Y,0,3,5,0,8,Good,Visible,
705,A. c. trillmichi,Santa Fe,El Miedo,SFM1,SFM01-2-2-2_328.jpg,47969928,Y,0,1,0,0,1,Good,Visible,
706,A. c. trillmichi,Santa Fe,El Miedo,SFM1,SFM01-2-2-2_329.jpg,47969930,Y,0,1,0,0,1,Good,Visible,
708,A. c. trillmichi,Santa Fe,El Miedo,SFM1,SFM01-2-2-2_331.jpg,47969939,Y,0,1,2,0,3,Good,Visible,
710,A. c. trillmichi,Santa Fe,El Miedo,SFM1,SFM01-2-2-2_333.jpg,47969945,Y,1,0,8,0,9,Good,Visible,
712,A. c. trillmichi,Santa Fe,El Miedo,SFM1,SFM01-2-2-2_344.jpg,47969952,Y,1,3,8,0,12,Bad,Hard,One iguana that only Andres sees; consensus: 12 iguanas seen by Andrea and Andres
716,A. c. trillmichi,Santa Fe,El Miedo,SFM1,SFM01-2-2-2_348.jpg,47969969,Y,1,1,12,0,14,Good,Hard,Three iguanas only Andres sees; consensus: 14 iguanas seen by Andrea and Andres
717,A. c. trillmichi,Santa Fe,El Miedo,SFM1,SFM01-2-2-2_349.jpg,47969972,Y,0,1,0,0,1,Good,Visible,
718,A. c. trillmichi,Santa Fe,El Miedo,SFM1,SFM01-2-2-2_350.jpg,47969975,Y,0,1,0,0,1,Good,Visible,
720,A. c. trillmichi,Santa Fe,El Miedo,SFM1,SFM01-2-2-2_367.jpg,47969981,Y,0,1,1,0,2,Good,Visible,One iguana that only Andres sees; consensus: 2 iguanas seen by Andrea and Andres
732,A. c. trillmichi,Santa Fe,El Miedo,SFM1,SFM01-2-2-3_111.jpg,47970029,Y,0,0,1,0,1,Good,Visible,
743,A. c. trillmichi,Santa Fe,El Miedo,SFM1,SFM01-2-2-3_123.jpg,47970063,Y,0,0,1,0,1,Good,Hard,
744,A. c. trillmichi,Santa Fe,El Miedo,SFM1,SFM01-2-2-3_124.jpg,47970067,Y,0,1,0,0,1,Good,Visible,
749,A. c. trillmichi,Santa Fe,El Miedo,SFM1,SFM01-2-2-3_132.jpg,47970090,Y,0,1,0,0,1,Good,Visible,
753,A. c. trillmichi,Santa Fe,El Miedo,SFM1,SFM01-2-2-3_136.jpg,47970102,N,0,0,4,0,4,Good,Hard,Seven iguanas only Andres sees; consensus: 4 iguanas seen by Andrea and Andres
754,A. c. trillmichi,Santa Fe,El Miedo,SFM1,SFM01-2-2-3_137.jpg,47970105,Y,1,1,5,0,7,Good,Hard,
764,A. c. trillmichi,Santa Fe,El Miedo,SFM1,SFM01-2-2-3_149.jpg,47970139,Y,0,1,0,0,1,Good,Visible,not considered number 2 marked in the imaged
767,A. c. trillmichi,Santa Fe,El Miedo,SFM1,SFM01-2-2-3_152.jpg,47970148,Y,1,1,6,0,8,Bad,Hard,
785,A. c. trillmichi,Santa Fe,El Miedo,SFM1,SFM01-2-2-3_175.jpg,47970197,Y,0,1,0,0,1,Bad,Visible,
790,A. c. trillmichi,Santa Fe,El Miedo,SFM1,SFM01-2-2-3_184.jpg,47970207,Y,0,3,0,0,3,Good,Visible,
794,A. c. trillmichi,Santa Fe,El Miedo,SFM1,SFM01-2-2-3_191.jpg,47970216,Y,0,0,5,0,5,Good,Visible,
796,A. c. trillmichi,Santa Fe,El Miedo,SFM1,SFM01-2-2-3_193.jpg,47970220,Y,0,1,2,0,3,Good,Visible,
797,A. c. trillmichi,Santa Fe,El Miedo,SFM1,SFM01-2-2-3_194.jpg,47970222,Y,1,0,13,0,14,Good,Visible,One iguana that only Andres sees; consensus: 2 iguanas seen by Andrea and Andres
799,A. c. trillmichi,Santa Fe,El Miedo,SFM1,SFM01-2-2-3_201.jpg,47970227,Y,1,1,13,0,15,Bad,Visible,Three iguanas only Andres sees; consensus: 15 iguanas seen by Andrea and Andres
804,A. c. trillmichi,Santa Fe,El Miedo,SFM1,SFM01-2-2-3_213.jpg,47970238,Y,0,1,12,0,13,Bad,Hard,Andres and Andrea coincide in all
814,A. c. trillmichi,Santa Fe,El Miedo,SFM1,SFM01-2-2-3_230.jpg,47970260,Y,0,1,0,0,1,Good,Visible,
815,A. c. trillmichi,Santa Fe,El Miedo,SFM1,SFM01-2-2-3_231.jpg,47970262,Y,1,0,3,0,4,Good,Visible,
817,A. c. trillmichi,Santa Fe,El Miedo,SFM1,SFM01-2-2-3_237.jpg,47970266,Y,0,1,0,0,1,Good,Visible,
819,A. c. trillmichi,Santa Fe,El Miedo,SFM1,SFM01-2-2-3_252.jpg,47970270,Y,1,0,4,0,5,Good,Visible,
820,A. c. trillmichi,Santa Fe,El Miedo,SFM1,SFM01-2-2-3_253.jpg,47970273,Y,0,0,8,0,8,Good,Visible,
821,A. c. trillmichi,Santa Fe,El Miedo,SFM1,SFM01-2-2-3_254.jpg,47970275,Y,0,1,0,0,1,Good,Visible,
823,A. c. trillmichi,Santa Fe,El Miedo,SFM1,SFM01-2-2-3_256.jpg,47970279,Y,0,1,0,0,1,Good,Visible,
824,A. c. trillmichi,Santa Fe,El Miedo,SFM1,SFM01-2-2-3_257.jpg,47970281,Y,1,0,4,0,5,Good,Hard,
878,A. c. trillmichi,Santa Fe,El Miedo,SFM1,SFM01-extra_114.jpg,47970403,Y,0,1,0,0,1,Good,Hard,
879,A. c. trillmichi,Santa Fe,El Miedo,SFM1,SFM01-extra_115.jpg,47970405,Y,0,1,0,0,1,Good,Visible,
956,A. c. trillmichi,Santa Fe,El Miedo,SFM1,SFM01-extra_98.jpg,47970563,Y,0,1,0,0,1,Good,Visible,
961,A. c. mertensi,San Cristobal,Loberia,SRL1,SRL01-1-1_112.jpg,47978925,Y,0,1,0,0,1,Good,Visible,
975,A. c. mertensi,San Cristobal,Loberia,SRL1,SRL01-1-1_130.jpg,47978993,Y,0,2,1,0,3,Good,Visible,
1007,A. c. mertensi,San Cristobal,Loberia,SRL1,SRL01-1-1_167.jpg,47979161,N,0,0,0,0,0,,,
1112,A. c. mertensi,San Cristobal,Loberia,SRL1,SRL01-1-2_175.jpg,47979592,Y,0,1,1,0,2,Good,Visible,
1129,A. c. mertensi,San Cristobal,Loberia,SRL1,SRL01-1-2_193.jpg,47979651,Y,0,1,0,0,1,Good,Visible,
1236,A. c. mertensi,San Cristobal,Loberia,SRL1,SRL01-2-2_18.jpg,48025990,Y,0,1,0,0,1,Good,Visible,
1258,A. c. mertensi,San Cristobal,Loberia,SRL1,SRL01-2-2_47.jpg,48026500,Y,1,0,3,0,4,Good,Visible,
1264,A. c. mertensi,San Cristobal,Loberia,SRL1,SRL01-2-2_54.jpg,48026608,Y,1,0,3,0,4,Good,Visible,
1265,A. c. mertensi,San Cristobal,Loberia,SRL1,SRL01-2-2_55.jpg,48026629,Y,0,1,0,0,1,Good,Visible,
1267,A. c. mertensi,San Cristobal,Loberia,SRL1,SRL01-2-2_57.jpg,47980071,Y,0,1,0,0,1,Good,Visible,
1270,A. c. mertensi,San Cristobal,Loberia,SRL1,SRL01-2-2_60.jpg,47980090,Y,1,0,7,0,8,Good,Visible,
1271,A. c. mertensi,San Cristobal,Loberia,SRL1,SRL01-2-2_61.jpg,47980099,Y,0,1,0,0,1,Good,Visible,
1272,A. c. mertensi,San Cristobal,Loberia,SRL1,SRL01-2-2_62.jpg,48026645,Y,1,0,2,0,3,Good,Visible,
1282,A. c. mertensi,San Cristobal,Loberia,SRL1,SRL01-2-2_73.jpg,47980157,Y,0,1,0,0,1,Good,Visible,
1292,A. c. mertensi,San Cristobal,Loberia,SRL1,SRL01-2-2_84.jpg,47980222,Y,0,1,0,0,1,Good,Visible,
1310,A. c. mertensi,San Cristobal,Loberia,SRL1,SRL02-1_33.jpg,48026817,Y,0,1,0,0,1,Good,Visible,
1723,A. c. mertensi,San Cristobal,Loberia,SRL1,SRL03-3_62.jpg,48027975,Y,0,0,3,0,3,Good,Visible,
1987,A. c. godzilla,San Cristobal,Playa Blanca (Punta Pitt),SRPB1,SRPB01-1-2_84.jpg,47984354,N,0,0,0,0,0,,,
2032,A. c. godzilla,San Cristobal,Playa Blanca (Punta Pitt),SRPB1,SRPB01-2-1_218.jpg,47984737,N,0,0,0,0,0,,,
2062,A. c. godzilla,San Cristobal,Playa Blanca (Punta Pitt),SRPB1,SRPB01-2-1_274.jpg,47984976,Y,0,1,1,0,2,Good,Hard,
2141,A. c. godzilla,San Cristobal,Playa Blanca (Punta Pitt),SRPB1,SRPB01-2-1_434.jpg,47985494,N,0,0,0,0,0,,,
2165,A. c. godzilla,San Cristobal,Playa Blanca (Punta Pitt),SRPB1,SRPB01-2-2_122.jpg,47985686,Y,0,2,1,0,3,Good,Visible,
2193,A. c. godzilla,San Cristobal,Playa Blanca (Punta Pitt),SRPB1,SRPB01-2-2_229.jpg,47985844,Y,0,0,1,0,1,Good,Visible,
2445,A. c. godzilla,San Cristobal,Playa Blanca (Punta Pitt),SRPB1,SRPB02-2-1_67.jpg,47987920,Y,0,1,0,0,1,Good,Visible,
2506,A. c. godzilla,San Cristobal,Playa Blanca (Punta Pitt),SRPB1,SRPB02-2-2_143.jpg,47988474,Y,1,0,3,0,4,Bad,Visible,
2516,A. c. godzilla,San Cristobal,Playa Blanca (Punta Pitt),SRPB1,SRPB02-2-2_153.jpg,47988580,Y,0,1,0,0,1,Good,Visible,
2524,A. c. godzilla,San Cristobal,Playa Blanca (Punta Pitt),SRPB1,SRPB02-2-2_161.jpg,47988636,Y,0,1,0,0,1,Good,Visible,
2670,A. c. godzilla,San Cristobal,Playa Blanca (Punta Pitt),SRPB1,SRPB02-2-3_157.jpg,47989826,Y,0,0,1,0,1,Bad,Hard,
