,image_name,subject_id
0,SFM01-1-1_114.jpg,47967876
1,SFM01-1-1_154.jpg,47967959
2,SFM01-1-1_155.jpg,47967961
3,SFM01-1-1_163.jpg,47967975
4,SFM01-1-1_184.jpg,47968013
5,SFM01-1-1_210.jpg,47968058
6,SFM01-1-1_258.jpg,47968109
7,SFM01-1-1_299.jpg,47968122
8,SFM01-1-2_100.jpg,47968164
9,SFM01-1-2_109.jpg,47968181
10,SFM01-1-2_139.jpg,47968218
11,SFM01-1-2_209.jpg,47968356
12,SFM01-1-2_210.jpg,47968359
13,SFM01-1-2_245.jpg,47968393
14,SFM01-1-2_264.jpg,47968406
15,SFM01-1-2_265.jpg,47968410
16,SFM01-1-2_284.jpg,47968423
17,SFM01-1-2_57.jpg,47968499
18,SFM01-1-2_59.jpg,47968506
19,SFM01-2-1_305.jpg,47969049
20,SFM01-2-2-1_120.jpg,47969236
21,SFM01-2-2-1_195.jpg,47969327
22,SFM01-2-2-1_196.jpg,47969331
23,SFM01-2-2-1_217.jpg,47969359
24,SFM01-2-2-1_244.jpg,47969405
25,SFM01-2-2-1_272.jpg,47969452
26,SFM01-2-2-1_293.jpg,47969478
27,SFM01-2-2-1_320.jpg,47969515
28,SFM01-2-2-1_321.jpg,47969518
29,SFM01-2-2-1_344.jpg,47969531
30,SFM01-2-2-1_96.jpg,47969597
31,SFM01-2-2-2_271.jpg,47969763
32,SFM01-2-2-2_278.jpg,47969782
33,SFM01-2-2-2_280.jpg,47969789
34,SFM01-2-2-2_282.jpg,47969795
35,SFM01-2-2-2_292.jpg,47969825
36,SFM01-2-2-2_293.jpg,47969828
37,SFM01-2-2-2_302.jpg,47969853
38,SFM01-2-2-2_305.jpg,47969862
39,SFM01-2-2-2_308.jpg,47969871
40,SFM01-2-2-2_320.jpg,47969901
41,SFM01-2-2-2_321.jpg,47969904
42,SFM01-2-2-2_323.jpg,47969912
43,SFM01-2-2-2_325.jpg,47969918
44,SFM01-2-2-2_328.jpg,47969928
45,SFM01-2-2-2_329.jpg,47969930
46,SFM01-2-2-2_331.jpg,47969939
47,SFM01-2-2-2_333.jpg,47969945
48,SFM01-2-2-2_344.jpg,47969952
49,SFM01-2-2-2_348.jpg,47969969
50,SFM01-2-2-2_349.jpg,47969972
51,SFM01-2-2-2_350.jpg,47969975
52,SFM01-2-2-2_367.jpg,47969981
53,SFM01-2-2-3_111.jpg,47970029
54,SFM01-2-2-3_123.jpg,47970063
55,SFM01-2-2-3_124.jpg,47970067
56,SFM01-2-2-3_132.jpg,47970090
57,SFM01-2-2-3_136.jpg,47970102
58,SFM01-2-2-3_137.jpg,47970105
59,SFM01-2-2-3_149.jpg,47970139
60,SFM01-2-2-3_152.jpg,47970148
61,SFM01-2-2-3_175.jpg,47970197
62,SFM01-2-2-3_184.jpg,47970207
63,SFM01-2-2-3_191.jpg,47970216
64,SFM01-2-2-3_193.jpg,47970220
65,SFM01-2-2-3_194.jpg,47970222
66,SFM01-2-2-3_201.jpg,47970227
67,SFM01-2-2-3_213.jpg,47970238
68,SFM01-2-2-3_230.jpg,47970260
69,SFM01-2-2-3_231.jpg,47970262
70,SFM01-2-2-3_237.jpg,47970266
71,SFM01-2-2-3_252.jpg,47970270
72,SFM01-2-2-3_253.jpg,47970273
73,SFM01-2-2-3_254.jpg,47970275
74,SFM01-2-2-3_256.jpg,47970279
75,SFM01-2-2-3_257.jpg,47970281
76,SFM01-extra_114.jpg,47970403
77,SFM01-extra_115.jpg,47970405
78,SFM01-extra_98.jpg,47970563
79,SRL01-1-1_112.jpg,47978925
80,SRL01-1-1_130.jpg,47978993
81,SRL01-1-1_167.jpg,47979161
82,SRL01-1-2_175.jpg,47979592
83,SRL01-1-2_193.jpg,47979651
84,SRL01-2-2_18.jpg,48025990
85,SRL01-2-2_47.jpg,48026500
86,SRL01-2-2_54.jpg,48026608
87,SRL01-2-2_55.jpg,48026629
88,SRL01-2-2_57.jpg,47980071
89,SRL01-2-2_60.jpg,47980090
90,SRL01-2-2_61.jpg,47980099
91,SRL01-2-2_62.jpg,48026645
92,SRL01-2-2_73.jpg,47980157
93,SRL01-2-2_84.jpg,47980222
94,SRL02-1_33.jpg,48026817
95,SRL03-3_62.jpg,48027975
96,SRPB01-1-2_84.jpg,47984354
97,SRPB01-2-1_218.jpg,47984737
98,SRPB01-2-1_274.jpg,47984976
99,SRPB01-2-1_434.jpg,47985494
100,SRPB01-2-2_122.jpg,47985686
101,SRPB01-2-2_229.jpg,47985844
102,SRPB02-2-1_67.jpg,47987920
103,SRPB02-2-2_143.jpg,47988474
104,SRPB02-2-2_153.jpg,47988580
105,SRPB02-2-2_161.jpg,47988636
106,SRPB02-2-3_157.jpg,47989826
