,image_name_x,subject_id,Median0s,Mean0s,Max0s,Std0s,Median.r,Mean.r,Mode0s,subspecies,island,site_name,subject_group,image_name_y,presence_absence,count_male-lek,count_male-no-lek,count_others,count_partial,count_total,quality,condition,comment
0,SFM01-1-1_114.jpg,47967876,1.0,1.444444444,3,0.726483157,1,1,1,A. c. trillmichi,Santa Fe,El Miedo,SFM1,SFM01-1-1_114.jpg,Y,0,1,0,0,1,Bad,Visible,
1,SFM01-1-1_154.jpg,47967959,1.0,1.181818182,2,0.404519917,1,1,1,A. c. trillmichi,Santa Fe,El Miedo,SFM1,SFM01-1-1_154.jpg,Y,0,1,0,0,1,Good,Visible,
2,SFM01-1-1_155.jpg,47967961,9.0,9.0,12,2.581988897,9,9,12,A. c. trillmichi,Santa Fe,El Miedo,SFM1,SFM01-1-1_155.jpg,Y,1,0,3,0,4,Bad,Hard,
3,SFM01-1-1_163.jpg,47967975,2.0,2.0,2,0.0,2,2,2,A. c. trillmichi,Santa Fe,El Miedo,SFM1,SFM01-1-1_163.jpg,Y,0,0,1,0,1,Good,Visible,
4,SFM01-1-1_184.jpg,47968013,1.0,1.25,2,0.5,1,1,1,A. c. trillmichi,Santa Fe,El Miedo,SFM1,SFM01-1-1_184.jpg,Y,0,1,0,0,1,Bad,Hard,
5,SFM01-1-1_210.jpg,47968058,1.0,1.733333333,10,2.313521332,1,2,1,A. c. trillmichi,Santa Fe,El Miedo,SFM1,SFM01-1-1_210.jpg,Y,0,1,0,0,1,Good,Visible,
6,SFM01-1-1_258.jpg,47968109,4.0,3.285714286,7,2.360387377,4,3,1,A. c. trillmichi,Santa Fe,El Miedo,SFM1,SFM01-1-1_258.jpg,Y,0,1,1,0,2,Bad,Hard,
7,SFM01-1-1_299.jpg,47968122,1.0,1.125,2,0.341565026,1,1,1,A. c. trillmichi,Santa Fe,El Miedo,SFM1,SFM01-1-1_299.jpg,Y,0,1,0,0,1,Good,Visible,
8,SFM01-1-2_100.jpg,47968164,1.0,1.083333333,2,0.288675135,1,1,1,A. c. trillmichi,Santa Fe,El Miedo,SFM1,SFM01-1-2_100.jpg,Y,0,1,0,0,1,Bad,Visible,
9,SFM01-1-2_109.jpg,47968181,1.0,1.0,1,0.0,1,1,1,A. c. trillmichi,Santa Fe,El Miedo,SFM1,SFM01-1-2_109.jpg,N,0,0,0,0,0,,,
10,SFM01-1-2_139.jpg,47968218,4.5,7.714285714,26,8.052028616,5,8,1,A. c. trillmichi,Santa Fe,El Miedo,SFM1,SFM01-1-2_139.jpg,Y,1,1,9,0,11,Good,Visible,
11,SFM01-1-2_209.jpg,47968356,1.0,1.230769231,3,0.59914469,1,1,1,A. c. trillmichi,Santa Fe,El Miedo,SFM1,SFM01-1-2_209.jpg,Y,0,1,0,0,1,Good,Visible,
12,SFM01-1-2_210.jpg,47968359,1.5,2.0,4,1.414213562,2,2,1,A. c. trillmichi,Santa Fe,El Miedo,SFM1,SFM01-1-2_210.jpg,Y,0,0,1,0,1,Good,Visible,
13,SFM01-1-2_245.jpg,47968393,1.0,1.181818182,2,0.404519917,1,1,1,A. c. trillmichi,Santa Fe,El Miedo,SFM1,SFM01-1-2_245.jpg,Y,0,0,1,0,1,Good,Visible,
14,SFM01-1-2_264.jpg,47968406,10.0,8.692307692,14,4.714951668,10,9,14,A. c. trillmichi,Santa Fe,El Miedo,SFM1,SFM01-1-2_264.jpg,Y,1,0,10,0,11,Good,Visible,
15,SFM01-1-2_265.jpg,47968410,1.0,1.333333333,2,0.48507125,1,1,1,A. c. trillmichi,Santa Fe,El Miedo,SFM1,SFM01-1-2_265.jpg,Y,0,1,0,0,1,Bad,Visible,
16,SFM01-1-2_284.jpg,47968423,20.0,19.86666667,32,7.670599405,20,20,20,A. c. trillmichi,Santa Fe,El Miedo,SFM1,SFM01-1-2_284.jpg,Y,1,0,15,0,16,Good,Visible,not consider number 17 marked in the image
17,SFM01-1-2_57.jpg,47968499,1.0,1.466666667,6,1.302013093,1,1,1,A. c. trillmichi,Santa Fe,El Miedo,SFM1,SFM01-1-2_57.jpg,Y,0,1,0,0,1,Good,Visible,
18,SFM01-1-2_59.jpg,47968506,1.0,1.2,2,0.421637021,1,1,1,A. c. trillmichi,Santa Fe,El Miedo,SFM1,SFM01-1-2_59.jpg,Y,0,1,0,0,1,Good,Visible,
19,SFM01-2-1_305.jpg,47969049,5.0,5.0,8,4.242640687,5,5,8,A. c. trillmichi,Santa Fe,El Miedo,SFM1,SFM01-2-1_305.jpg,Y,0,1,1,0,2,Bad,Hard,
20,SFM01-2-2-1_120.jpg,47969236,1.0,1.0,1,0.0,1,1,1,A. c. trillmichi,Santa Fe,El Miedo,SFM1,SFM01-2-2-1_120.jpg,Y,0,1,0,0,1,Good,Visible,
21,SFM01-2-2-1_195.jpg,47969327,1.0,1.090909091,2,0.301511345,1,1,1,A. c. trillmichi,Santa Fe,El Miedo,SFM1,SFM01-2-2-1_195.jpg,Y,0,1,0,0,1,Good,Visible,
22,SFM01-2-2-1_196.jpg,47969331,1.0,1.333333333,3,0.707106781,1,1,1,A. c. trillmichi,Santa Fe,El Miedo,SFM1,SFM01-2-2-1_196.jpg,Y,0,1,1,0,2,Good,Hard,
23,SFM01-2-2-1_217.jpg,47969359,1.0,1.090909091,2,0.301511345,1,1,1,A. c. trillmichi,Santa Fe,El Miedo,SFM1,SFM01-2-2-1_217.jpg,Y,0,1,0,0,1,Good,Visible,
24,SFM01-2-2-1_244.jpg,47969405,1.0,1.8,4,1.303840481,1,2,1,A. c. trillmichi,Santa Fe,El Miedo,SFM1,SFM01-2-2-1_244.jpg,Y,0,1,1,0,2,Good,Visible,not considered number 3 marked in the image
25,SFM01-2-2-1_272.jpg,47969452,1.0,1.153846154,2,0.375533808,1,1,1,A. c. trillmichi,Santa Fe,El Miedo,SFM1,SFM01-2-2-1_272.jpg,Y,0,1,0,0,1,Good,Visible,
26,SFM01-2-2-1_293.jpg,47969478,15.0,15.0,18,4.242640687,15,15,18,A. c. trillmichi,Santa Fe,El Miedo,SFM1,SFM01-2-2-1_293.jpg,N,0,0,9,0,9,Good,Hard,
27,SFM01-2-2-1_320.jpg,47969515,1.0,1.692307692,8,1.931519928,1,2,1,A. c. trillmichi,Santa Fe,El Miedo,SFM1,SFM01-2-2-1_320.jpg,Y,0,1,0,0,1,Good,Visible,
28,SFM01-2-2-1_321.jpg,47969518,1.0,2.0,4,1.732050808,1,2,1,A. c. trillmichi,Santa Fe,El Miedo,SFM1,SFM01-2-2-1_321.jpg,Y,0,1,0,0,1,Good,Visible,
29,SFM01-2-2-1_344.jpg,47969531,2.0,2.0,4,1.069044968,2,2,2,A. c. trillmichi,Santa Fe,El Miedo,SFM1,SFM01-2-2-1_344.jpg,Y,0,2,2,1,4,Good,Hard,not consider number 4 marked in the image
30,SFM01-2-2-1_96.jpg,47969597,1.0,1.8,4,1.303840481,1,2,1,A. c. trillmichi,Santa Fe,El Miedo,SFM1,SFM01-2-2-1_96.jpg,Y,0,1,0,0,1,Good,Visible,
31,SFM01-2-2-2_271.jpg,47969763,2.0,2.0,2,,2,2,2,A. c. trillmichi,Santa Fe,El Miedo,SFM1,SFM01-2-2-2_271.jpg,N,0,0,0,0,0,,,
32,SFM01-2-2-2_278.jpg,47969782,4.0,4.0,6,2.828427125,4,4,6,A. c. trillmichi,Santa Fe,El Miedo,SFM1,SFM01-2-2-2_278.jpg,Y,0,0,1,0,1,Good,Visible,
33,SFM01-2-2-2_280.jpg,47969789,1.0,2.4,7,2.607680962,1,2,1,A. c. trillmichi,Santa Fe,El Miedo,SFM1,SFM01-2-2-2_280.jpg,Y,0,1,0,0,1,Good,Visible,
34,SFM01-2-2-2_282.jpg,47969795,3.5,3.5,4,0.707106781,4,4,3,A. c. trillmichi,Santa Fe,El Miedo,SFM1,SFM01-2-2-2_282.jpg,Y,0,2,0,2,2,Good,Hard,
35,SFM01-2-2-2_292.jpg,47969825,17.0,14.58333333,32,10.44864788,17,15,1,A. c. trillmichi,Santa Fe,El Miedo,SFM1,SFM01-2-2-2_292.jpg,Y,0,4,7,0,11,Good,Visible,
36,SFM01-2-2-2_293.jpg,47969828,1.5,3.7,13,3.973523485,2,4,1,A. c. trillmichi,Santa Fe,El Miedo,SFM1,SFM01-2-2-2_293.jpg,Y,1,0,6,1,7,Good,Hard,
37,SFM01-2-2-2_302.jpg,47969853,2.0,1.8,4,0.941123948,2,2,1,A. c. trillmichi,Santa Fe,El Miedo,SFM1,SFM01-2-2-2_302.jpg,Y,0,1,1,0,2,Good,Visible,
38,SFM01-2-2-2_305.jpg,47969862,2.0,1.857142857,3,0.534522484,2,2,2,A. c. trillmichi,Santa Fe,El Miedo,SFM1,SFM01-2-2-2_305.jpg,Y,0,0,1,0,1,Good,Visible,
39,SFM01-2-2-2_308.jpg,47969871,1.0,1.333333333,2,0.516397779,1,1,1,A. c. trillmichi,Santa Fe,El Miedo,SFM1,SFM01-2-2-2_308.jpg,Y,0,1,0,0,1,Good,Visible,
40,SFM01-2-2-2_320.jpg,47969901,2.0,2.375,4,0.916125381,2,2,2,A. c. trillmichi,Santa Fe,El Miedo,SFM1,SFM01-2-2-2_320.jpg,Y,0,2,1,0,3,Good,Hard,
41,SFM01-2-2-2_321.jpg,47969904,1.0,3.6,13,5.272570531,1,4,1,A. c. trillmichi,Santa Fe,El Miedo,SFM1,SFM01-2-2-2_321.jpg,Y,0,1,3,0,4,Good,Visible,
42,SFM01-2-2-2_323.jpg,47969912,12.0,12.0,18,8.485281374,12,12,18,A. c. trillmichi,Santa Fe,El Miedo,SFM1,SFM01-2-2-2_323.jpg,Y,1,1,4,0,6,Good,Visible,
43,SFM01-2-2-2_325.jpg,47969918,3.0,4.4,18,4.256088076,3,4,3,A. c. trillmichi,Santa Fe,El Miedo,SFM1,SFM01-2-2-2_325.jpg,Y,0,3,5,0,8,Good,Visible,
44,SFM01-2-2-2_328.jpg,47969928,1.5,1.5,2,0.534522484,2,2,2,A. c. trillmichi,Santa Fe,El Miedo,SFM1,SFM01-2-2-2_328.jpg,Y,0,1,0,0,1,Good,Visible,
45,SFM01-2-2-2_329.jpg,47969930,1.0,1.642857143,4,1.081817762,1,2,1,A. c. trillmichi,Santa Fe,El Miedo,SFM1,SFM01-2-2-2_329.jpg,Y,0,1,0,0,1,Good,Visible,
46,SFM01-2-2-2_331.jpg,47969939,2.5,2.75,5,1.707825128,3,3,5,A. c. trillmichi,Santa Fe,El Miedo,SFM1,SFM01-2-2-2_331.jpg,Y,0,1,2,0,3,Good,Visible,
47,SFM01-2-2-2_333.jpg,47969945,8.0,9.571428571,23,7.900479885,8,10,19,A. c. trillmichi,Santa Fe,El Miedo,SFM1,SFM01-2-2-2_333.jpg,Y,1,0,8,0,9,Good,Visible,
48,SFM01-2-2-2_344.jpg,47969952,15.0,14.75,24,5.007137762,15,15,16,A. c. trillmichi,Santa Fe,El Miedo,SFM1,SFM01-2-2-2_344.jpg,Y,1,3,8,0,12,Bad,Hard,One iguana that only Andres sees; consensus: 12 iguanas seen by Andrea and Andres
49,SFM01-2-2-2_348.jpg,47969969,2.5,10.41666667,41,14.41879035,3,10,1,A. c. trillmichi,Santa Fe,El Miedo,SFM1,SFM01-2-2-2_348.jpg,Y,1,1,12,0,14,Good,Hard,Three iguanas only Andres sees; consensus: 14 iguanas seen by Andrea and Andres
50,SFM01-2-2-2_349.jpg,47969972,1.0,1.5,3,0.707106781,1,2,1,A. c. trillmichi,Santa Fe,El Miedo,SFM1,SFM01-2-2-2_349.jpg,Y,0,1,0,0,1,Good,Visible,
51,SFM01-2-2-2_350.jpg,47969975,1.0,1.25,2,0.5,1,1,1,A. c. trillmichi,Santa Fe,El Miedo,SFM1,SFM01-2-2-2_350.jpg,Y,0,1,0,0,1,Good,Visible,
52,SFM01-2-2-2_367.jpg,47969981,1.0,1.583333333,4,0.99620492,1,2,1,A. c. trillmichi,Santa Fe,El Miedo,SFM1,SFM01-2-2-2_367.jpg,Y,0,1,1,0,2,Good,Visible,One iguana that only Andres sees; consensus: 2 iguanas seen by Andrea and Andres
53,SFM01-2-2-3_111.jpg,47970029,2.0,2.0,2,0.0,2,2,2,A. c. trillmichi,Santa Fe,El Miedo,SFM1,SFM01-2-2-3_111.jpg,Y,0,0,1,0,1,Good,Visible,
54,SFM01-2-2-3_123.jpg,47970063,3.0,3.0,3,,3,3,3,A. c. trillmichi,Santa Fe,El Miedo,SFM1,SFM01-2-2-3_123.jpg,Y,0,0,1,0,1,Good,Hard,
55,SFM01-2-2-3_124.jpg,47970067,1.0,1.125,2,0.353553391,1,1,1,A. c. trillmichi,Santa Fe,El Miedo,SFM1,SFM01-2-2-3_124.jpg,Y,0,1,0,0,1,Good,Visible,
56,SFM01-2-2-3_132.jpg,47970090,2.0,1.625,2,0.51754917,2,2,2,A. c. trillmichi,Santa Fe,El Miedo,SFM1,SFM01-2-2-3_132.jpg,Y,0,1,0,0,1,Good,Visible,
57,SFM01-2-2-3_136.jpg,47970102,4.0,5.0,12,4.123105626,4,5,2,A. c. trillmichi,Santa Fe,El Miedo,SFM1,SFM01-2-2-3_136.jpg,N,0,0,4,0,4,Good,Hard,Seven iguanas only Andres sees; consensus: 4 iguanas seen by Andrea and Andres
58,SFM01-2-2-3_137.jpg,47970105,4.0,4.916666667,15,4.358029858,4,5,4,A. c. trillmichi,Santa Fe,El Miedo,SFM1,SFM01-2-2-3_137.jpg,Y,1,1,5,0,7,Good,Hard,
59,SFM01-2-2-3_149.jpg,47970139,1.0,1.307692308,2,0.480384461,1,1,1,A. c. trillmichi,Santa Fe,El Miedo,SFM1,SFM01-2-2-3_149.jpg,Y,0,1,0,0,1,Good,Visible,not considered number 2 marked in the imaged
60,SFM01-2-2-3_152.jpg,47970148,12.5,10.5,15,5.916079783,13,10,15,A. c. trillmichi,Santa Fe,El Miedo,SFM1,SFM01-2-2-3_152.jpg,Y,1,1,6,0,8,Bad,Hard,
61,SFM01-2-2-3_175.jpg,47970197,2.0,1.571428571,2,0.534522484,2,2,2,A. c. trillmichi,Santa Fe,El Miedo,SFM1,SFM01-2-2-3_175.jpg,Y,0,1,0,0,1,Bad,Visible,
62,SFM01-2-2-3_184.jpg,47970207,2.5,3.375,12,2.986078811,3,3,2,A. c. trillmichi,Santa Fe,El Miedo,SFM1,SFM01-2-2-3_184.jpg,Y,0,3,0,0,3,Good,Visible,
63,SFM01-2-2-3_191.jpg,47970216,8.0,9.666666667,18,5.522680509,8,10,6,A. c. trillmichi,Santa Fe,El Miedo,SFM1,SFM01-2-2-3_191.jpg,Y,0,0,5,0,5,Good,Visible,
64,SFM01-2-2-3_193.jpg,47970220,2.0,2.25,5,1.215431087,2,2,2,A. c. trillmichi,Santa Fe,El Miedo,SFM1,SFM01-2-2-3_193.jpg,Y,0,1,2,0,3,Good,Visible,
65,SFM01-2-2-3_194.jpg,47970222,18.0,15.46153846,32,8.87520314,18,15,22,A. c. trillmichi,Santa Fe,El Miedo,SFM1,SFM01-2-2-3_194.jpg,Y,1,0,13,0,14,Good,Visible,One iguana that only Andres sees; consensus: 2 iguanas seen by Andrea and Andres
66,SFM01-2-2-3_201.jpg,47970227,12.0,14.72727273,36,13.19917353,12,15,2,A. c. trillmichi,Santa Fe,El Miedo,SFM1,SFM01-2-2-3_201.jpg,Y,1,1,13,0,15,Bad,Visible,Three iguanas only Andres sees; consensus: 15 iguanas seen by Andrea and Andres
67,SFM01-2-2-3_213.jpg,47970238,1.0,3.2,22,5.37454317,1,3,1,A. c. trillmichi,Santa Fe,El Miedo,SFM1,SFM01-2-2-3_213.jpg,Y,0,1,12,0,13,Bad,Hard,Andres and Andrea coincide in all
68,SFM01-2-2-3_230.jpg,47970260,1.0,1.375,2,0.51754917,1,1,1,A. c. trillmichi,Santa Fe,El Miedo,SFM1,SFM01-2-2-3_230.jpg,Y,0,1,0,0,1,Good,Visible,
69,SFM01-2-2-3_231.jpg,47970262,6.0,6.166666667,12,3.010084062,6,6,6,A. c. trillmichi,Santa Fe,El Miedo,SFM1,SFM01-2-2-3_231.jpg,Y,1,0,3,0,4,Good,Visible,
70,SFM01-2-2-3_237.jpg,47970266,1.0,1.375,2,0.5,1,1,1,A. c. trillmichi,Santa Fe,El Miedo,SFM1,SFM01-2-2-3_237.jpg,Y,0,1,0,0,1,Good,Visible,
71,SFM01-2-2-3_252.jpg,47970270,8.0,7.142857143,12,3.804758925,8,7,10,A. c. trillmichi,Santa Fe,El Miedo,SFM1,SFM01-2-2-3_252.jpg,Y,1,0,4,0,5,Good,Visible,
72,SFM01-2-2-3_253.jpg,47970273,14.0,15.14285714,20,3.625307869,14,15,18,A. c. trillmichi,Santa Fe,El Miedo,SFM1,SFM01-2-2-3_253.jpg,Y,0,0,8,0,8,Good,Visible,
73,SFM01-2-2-3_254.jpg,47970275,1.0,3.375,18,5.926634796,1,3,1,A. c. trillmichi,Santa Fe,El Miedo,SFM1,SFM01-2-2-3_254.jpg,Y,0,1,0,0,1,Good,Visible,
74,SFM01-2-2-3_256.jpg,47970279,1.0,1.166666667,2,0.40824829,1,1,1,A. c. trillmichi,Santa Fe,El Miedo,SFM1,SFM01-2-2-3_256.jpg,Y,0,1,0,0,1,Good,Visible,
75,SFM01-2-2-3_257.jpg,47970281,9.0,9.4,16,6.542170894,9,9,16,A. c. trillmichi,Santa Fe,El Miedo,SFM1,SFM01-2-2-3_257.jpg,Y,1,0,4,0,5,Good,Hard,
76,SFM01-extra_114.jpg,47970403,1.0,1.0,1,,1,1,1,A. c. trillmichi,Santa Fe,El Miedo,SFM1,SFM01-extra_114.jpg,Y,0,1,0,0,1,Good,Hard,
77,SFM01-extra_115.jpg,47970405,2.0,1.6,2,0.547722558,2,2,2,A. c. trillmichi,Santa Fe,El Miedo,SFM1,SFM01-extra_115.jpg,Y,0,1,0,0,1,Good,Visible,
78,SFM01-extra_98.jpg,47970563,1.0,1.0,1,0.0,1,1,1,A. c. trillmichi,Santa Fe,El Miedo,SFM1,SFM01-extra_98.jpg,Y,0,1,0,0,1,Good,Visible,
79,SRL01-1-1_112.jpg,47978925,1.0,1.2,2,0.421637021,1,1,1,A. c. mertensi,San Cristobal,Loberia,SRL1,SRL01-1-1_112.jpg,Y,0,1,0,0,1,Good,Visible,
80,SRL01-1-1_130.jpg,47978993,4.0,3.705882353,5,0.985184366,4,4,4,A. c. mertensi,San Cristobal,Loberia,SRL1,SRL01-1-1_130.jpg,Y,0,2,1,0,3,Good,Visible,
81,SRL01-1-1_167.jpg,47979161,2.0,1.666666667,2,0.577350269,2,2,2,A. c. mertensi,San Cristobal,Loberia,SRL1,SRL01-1-1_167.jpg,N,0,0,0,0,0,,,
82,SRL01-1-2_175.jpg,47979592,2.0,2.333333333,3,0.6172134,2,2,2,A. c. mertensi,San Cristobal,Loberia,SRL1,SRL01-1-2_175.jpg,Y,0,1,1,0,2,Good,Visible,
83,SRL01-1-2_193.jpg,47979651,1.0,1.0,1,0.0,1,1,1,A. c. mertensi,San Cristobal,Loberia,SRL1,SRL01-1-2_193.jpg,Y,0,1,0,0,1,Good,Visible,
84,SRL01-2-2_18.jpg,48025990,1.0,1.0,1,0.0,1,1,1,A. c. mertensi,San Cristobal,Loberia,SRL1,SRL01-2-2_18.jpg,Y,0,1,0,0,1,Good,Visible,
85,SRL01-2-2_47.jpg,48026500,5.5,5.25,10,2.604940361,6,5,6,A. c. mertensi,San Cristobal,Loberia,SRL1,SRL01-2-2_47.jpg,Y,1,0,3,0,4,Good,Visible,
86,SRL01-2-2_54.jpg,48026608,6.0,5.705882353,7,1.263165957,6,6,6,A. c. mertensi,San Cristobal,Loberia,SRL1,SRL01-2-2_54.jpg,Y,1,0,3,0,4,Good,Visible,
87,SRL01-2-2_55.jpg,48026629,1.0,1.0,1,0.0,1,1,1,A. c. mertensi,San Cristobal,Loberia,SRL1,SRL01-2-2_55.jpg,Y,0,1,0,0,1,Good,Visible,
88,SRL01-2-2_57.jpg,47980071,1.0,1.083333333,2,0.288675135,1,1,1,A. c. mertensi,San Cristobal,Loberia,SRL1,SRL01-2-2_57.jpg,Y,0,1,0,0,1,Good,Visible,
89,SRL01-2-2_60.jpg,47980090,5.0,5.928571429,13,3.540193078,5,6,5,A. c. mertensi,San Cristobal,Loberia,SRL1,SRL01-2-2_60.jpg,Y,1,0,7,0,8,Good,Visible,
90,SRL01-2-2_61.jpg,47980099,1.0,1.076923077,2,0.277350098,1,1,1,A. c. mertensi,San Cristobal,Loberia,SRL1,SRL01-2-2_61.jpg,Y,0,1,0,0,1,Good,Visible,
91,SRL01-2-2_62.jpg,48026645,2.0,2.333333333,6,1.345185418,2,2,3,A. c. mertensi,San Cristobal,Loberia,SRL1,SRL01-2-2_62.jpg,Y,1,0,2,0,3,Good,Visible,
92,SRL01-2-2_73.jpg,47980157,1.0,1.105263158,3,0.458831468,1,1,1,A. c. mertensi,San Cristobal,Loberia,SRL1,SRL01-2-2_73.jpg,Y,0,1,0,0,1,Good,Visible,
93,SRL01-2-2_84.jpg,47980222,1.0,1.0,1,0.0,1,1,1,A. c. mertensi,San Cristobal,Loberia,SRL1,SRL01-2-2_84.jpg,Y,0,1,0,0,1,Good,Visible,
94,SRL02-1_33.jpg,48026817,1.0,1.222222222,3,0.666666667,1,1,1,A. c. mertensi,San Cristobal,Loberia,SRL1,SRL02-1_33.jpg,Y,0,1,0,0,1,Good,Visible,
95,SRL03-3_62.jpg,48027975,2.0,3.0,6,1.414213562,2,3,2,A. c. mertensi,San Cristobal,Loberia,SRL1,SRL03-3_62.jpg,Y,0,0,3,0,3,Good,Visible,
96,SRPB01-1-2_84.jpg,47984354,1.5,1.5,2,0.707106781,2,2,2,A. c. godzilla,San Cristobal,Playa Blanca (Punta Pitt),SRPB1,SRPB01-1-2_84.jpg,N,0,0,0,0,0,,,
97,SRPB01-2-1_218.jpg,47984737,1.0,1.0,1,,1,1,1,A. c. godzilla,San Cristobal,Playa Blanca (Punta Pitt),SRPB1,SRPB01-2-1_218.jpg,N,0,0,0,0,0,,,
98,SRPB01-2-1_274.jpg,47984976,2.0,1.875,3,0.5,2,2,2,A. c. godzilla,San Cristobal,Playa Blanca (Punta Pitt),SRPB1,SRPB01-2-1_274.jpg,Y,0,1,1,0,2,Good,Hard,
99,SRPB01-2-1_434.jpg,47985494,1.0,1.0,1,,1,1,1,A. c. godzilla,San Cristobal,Playa Blanca (Punta Pitt),SRPB1,SRPB01-2-1_434.jpg,N,0,0,0,0,0,,,
100,SRPB01-2-2_122.jpg,47985686,4.0,3.6875,4,0.704154339,4,4,4,A. c. godzilla,San Cristobal,Playa Blanca (Punta Pitt),SRPB1,SRPB01-2-2_122.jpg,Y,0,2,1,0,3,Good,Visible,
101,SRPB01-2-2_229.jpg,47985844,2.0,2.071428571,4,0.615727926,2,2,2,A. c. godzilla,San Cristobal,Playa Blanca (Punta Pitt),SRPB1,SRPB01-2-2_229.jpg,Y,0,0,1,0,1,Good,Visible,
102,SRPB02-2-1_67.jpg,47987920,2.0,1.636363636,2,0.504524979,2,2,2,A. c. godzilla,San Cristobal,Playa Blanca (Punta Pitt),SRPB1,SRPB02-2-1_67.jpg,Y,0,1,0,0,1,Good,Visible,
103,SRPB02-2-2_143.jpg,47988474,6.0,4.888888889,6,1.536590743,6,5,6,A. c. godzilla,San Cristobal,Playa Blanca (Punta Pitt),SRPB1,SRPB02-2-2_143.jpg,Y,1,0,3,0,4,Bad,Visible,
104,SRPB02-2-2_153.jpg,47988580,2.0,1.7,2,0.483045892,2,2,2,A. c. godzilla,San Cristobal,Playa Blanca (Punta Pitt),SRPB1,SRPB02-2-2_153.jpg,Y,0,1,0,0,1,Good,Visible,
105,SRPB02-2-2_161.jpg,47988636,1.0,1.4,2,0.516397779,1,1,1,A. c. godzilla,San Cristobal,Playa Blanca (Punta Pitt),SRPB1,SRPB02-2-2_161.jpg,Y,0,1,0,0,1,Good,Visible,
106,SRPB02-2-3_157.jpg,47989826,1.5,2.0,4,1.414213562,2,2,1,A. c. godzilla,San Cristobal,Playa Blanca (Punta Pitt),SRPB1,SRPB02-2-3_157.jpg,Y,0,0,1,0,1,Bad,Hard,
